"WhatsApp Messenger", "1,000,000,000+", android@support.whatsapp.com, https://play.google.com/store/apps/details?id=com.whatsapp
"SHAREit - Transfer & Share", "1,000,000,000+", feedback_android@ushareit.com, https://play.google.com/store/apps/details?id=com.lenovo.anyshare.gps
"Facebook", "1,000,000,000+", android-support@fb.com, https://play.google.com/store/apps/details?id=com.facebook.katana
"YouTube", "5,000,000,000+", ytandroid-support@google.com, https://play.google.com/store/apps/details?id=com.google.android.youtube
"Messenger â€“ Text and Video Chat for Free", "1,000,000,000+", android-support@fb.com, https://play.google.com/store/apps/details?id=com.facebook.orca
"MX Player", "500,000,000+", support@mxplayer.in, https://play.google.com/store/apps/details?id=com.mxtech.videoplayer.ad
"imo free video calls and chat", "500,000,000+", androidsupport@imo.im, https://play.google.com/store/apps/details?id=com.imo.android.imoim
"Instagram", "1,000,000,000+", android-support@instagram.com, https://play.google.com/store/apps/details?id=com.instagram.android
"imo beta free calls and text", "100,000,000+", androidsupport@imo.im, https://play.google.com/store/apps/details?id=com.imo.android.imoimbeta
"Facebook Lite", "1,000,000,000+", lite-android-support@fb.com, https://play.google.com/store/apps/details?id=com.facebook.lite
"Ragnarok M: Eternal Love", "1,000,000+", warpportalmobile@warpportal.com, https://play.google.com/store/apps/details?id=com.gravity.romg
"Rumble League", "100,000+", support@rumbleleague.gg, https://play.google.com/store/apps/details?id=com.spaceapegames.rumbleleague
"Dancing Road: Color Ball Run!", "10,000,000+", publishing@amanotes.com, https://play.google.com/store/apps/details?id=com.amanotes.pamadancingroad
"Hungry Shark World", "50,000,000+", android.support@ubisoft.com, https://play.google.com/store/apps/details?id=com.ubisoft.hungrysharkworld
"Jewelry King", "100,000+", lunchtime.latte@gmail.com, https://play.google.com/store/apps/details?id=com.spcomes.jewelryking
"Jewels El Dorado", "100,000+", v2rstd.service@gmail.com, https://play.google.com/store/apps/details?id=com.v2r.pjewel1a
"PokÃ©mon GO", "100,000,000+", pokemon-go-support@nianticlabs.com, https://play.google.com/store/apps/details?id=com.nianticlabs.pokemongo
"Caesars Slots: Free Slot Machines and Casino Games", "10,000,000+", android@playtika.com, https://play.google.com/store/apps/details?id=com.playtika.caesarscasino
"Love Poly - New puzzle game", "5,000,000+", incolor.feedback@hotmail.com, https://play.google.com/store/apps/details?id=com.love.poly.puzzle.game
"Piano Tiles 2â„¢", "100,000,000+", pianotiles@cmcm.com, https://play.google.com/store/apps/details?id=com.cmplay.tiles2
"SG TOTO 4D SWEEP", "500,000+", sgtoto4d@nctam.com, https://play.google.com/store/apps/details?id=com.nctam.sgptoto4d
"Live 4D Singapore", "1,000,000+", singaporelive4d@gmail.com, https://play.google.com/store/apps/details?id=com.live.live4d
"TikTok", "100,000,000+", feedback@tiktok.com, https://play.google.com/store/apps/details?id=com.ss.android.ugc.trill
"Spotify: Discover music, podcasts, and playlists", "500,000,000+", android-support@spotify.com, https://play.google.com/store/apps/details?id=com.spotify.music
"WeChat", "100,000,000+", support@wechat.com, https://play.google.com/store/apps/details?id=com.tencent.mm
"Mobile Legends: Bang Bang", "100,000,000+", MobileLegendsGame@gmail.com, https://play.google.com/store/apps/details?id=com.mobile.legends
"Messenger Lite: Free Calls & Messages", "500,000,000+", android-support@fb.com, https://play.google.com/store/apps/details?id=com.facebook.mlite
"Candy Crush Saga", "500,000,000+", candycrush.techhelp@king.com, https://play.google.com/store/apps/details?id=com.king.candycrushsaga
"Subway Surfers", "1,000,000,000+", support@kiloo.com, https://play.google.com/store/apps/details?id=com.kiloo.subwaysurf
"Clash of Clans", "500,000,000+", gp-info@supercell.com, https://play.google.com/store/apps/details?id=com.supercell.clashofclans
"Roblox", "100,000,000+", info@roblox.com, https://play.google.com/store/apps/details?id=com.roblox.client
"Garena Free Fire", "100,000,000+", freefire@garena.com, https://play.google.com/store/apps/details?id=com.dts.freefireth
"Candy Crush Soda Saga", "100,000,000+", candycrushsoda.techhelp@king.com, https://play.google.com/store/apps/details?id=com.king.candycrushsodasaga
"Brawl Stars", "50,000,000+", gp-info@supercell.com, https://play.google.com/store/apps/details?id=com.supercell.brawlstars
"Toon Blast", "50,000,000+", support@peakgames.net, https://play.google.com/store/apps/details?id=net.peakgames.toonblast
"Helix Jump", "100,000,000+", support@voodoo.io, https://play.google.com/store/apps/details?id=com.h8games.helixjump
"Galaxy sky shooting", "10,000,000+", help@ivymobile.com, https://play.google.com/store/apps/details?id=com.ivy.galaxyshooting.sky
"Crowd City", "50,000,000+", support@voodoo.io, https://play.google.com/store/apps/details?id=io.voodoo.crowdcity
"Subway Princess Runner", "50,000,000+", help@ivymobile.com, https://play.google.com/store/apps/details?id=com.rioo.runnersubway
"Sonic Dash", "100,000,000+", help@sega.net, https://play.google.com/store/apps/details?id=com.sega.sonicdash
"Magic Tiles 3", "100,000,000+", support@amanotes.com, https://play.google.com/store/apps/details?id=com.youmusic.magictiles
"My Talking Tom 2", "100,000,000+", support@outfit7.com, https://play.google.com/store/apps/details?id=com.outfit7.mytalkingtom2
"My Talking Angela", "100,000,000+", support@outfit7.com, https://play.google.com/store/apps/details?id=com.outfit7.mytalkingangelafree
"Disc Pool Carrom", "10,000,000+", support@miniclip.com, https://play.google.com/store/apps/details?id=com.miniclip.carrom
"Paper.io 2", "100,000,000+", support@voodoo.io, https://play.google.com/store/apps/details?id=io.voodoo.paper2
"Run Race 3D", "50,000,000+", contact@goodjobgames.com, https://play.google.com/store/apps/details?id=com.mgc.runnergame
"YouCut - Video Editor & Video Maker, No Watermark", "10,000,000+", cameras.ideas@gmail.com, https://play.google.com/store/apps/details?id=com.camerasideas.trimmer
"MGTV-èŠ’æœTVå›½é™…", "1,000,000+", intl@mgtv.com, https://play.google.com/store/apps/details?id=com.hunantv.imgo.activity.inter
"Drum Pad Machine - Beat Maker", "10,000,000+", support@easybrain.com, https://play.google.com/store/apps/details?id=com.agminstruments.drumpadmachine
"Polaris Office - Free Docs, Sheets, Slides + PDF", "50,000,000+", support@polarisoffice.com, https://play.google.com/store/apps/details?id=com.infraware.office.link
"30 Day Fitness Challenge - Workout at Home", "10,000,000+", northpark.android@gmail.com, https://play.google.com/store/apps/details?id=com.popularapp.thirtydayfitnesschallenge
"Learn Korean, Japanese Vocabulary, Phrase, Grammar", "100,000+", support@lingodeer.com, https://play.google.com/store/apps/details?id=com.lingodeer.plus
"Wego Flights, Hotels, Travel Deals Booking App", "10,000,000+", mobile@wego.com, https://play.google.com/store/apps/details?id=com.wego.android
"C CHANNEL-Tips & tricks videos", "1,000,000+", info@cchan.tv, https://play.google.com/store/apps/details?id=tv.cchan.harajuku
"Omlet Arcade - Screen Recorder, Stream Games", "10,000,000+", contact@mobisocial.us, https://play.google.com/store/apps/details?id=mobisocial.arcade
"Zombie Tsunami", "100,000,000+", androidsupport.zombietsunami@mobigame.zendesk.com, https://play.google.com/store/apps/details?id=net.mobigame.zombietsunami
"Concepts - Sketch, Design, Illustrate", "50,000+", concepts@tophatch.com, https://play.google.com/store/apps/details?id=com.tophatch.concepts
"Talking Tom Gold Run", "100,000,000+", support@outfit7.com, https://play.google.com/store/apps/details?id=com.outfit7.talkingtomgoldrun
"House Paint", "10,000,000+", info@saygames.by, https://play.google.com/store/apps/details?id=com.housepaint.game
"Tomb of the Mask", "100,000,000+", support@playgendary.com, https://play.google.com/store/apps/details?id=com.playgendary.tom
"Block Puzzle Jewel", "100,000,000+", hucuawe@gmail.com, https://play.google.com/store/apps/details?id=com.differencetenderwhite.skirt
"Temple Run", "100,000,000+", support-android@imangistudios.com, https://play.google.com/store/apps/details?id=com.imangi.templerun
"Extreme Car Driving Simulator", "100,000,000+", support@axesinmotion.com, https://play.google.com/store/apps/details?id=com.aim.racing
"Farm Heroes Saga", "100,000,000+", farmheroes.techhelp@king.com, https://play.google.com/store/apps/details?id=com.king.farmheroessaga
"Plants vs. Zombies FREE", "100,000,000+", help@eamobile.com, https://play.google.com/store/apps/details?id=com.ea.game.pvzfree_row
"8 Ball Pool", "500,000,000+", support@miniclip.com, https://play.google.com/store/apps/details?id=com.miniclip.eightballpool
"Dream League Soccer", "100,000,000+", support@ftgames.com, https://play.google.com/store/apps/details?id=com.firsttouchgames.dls3
"Gacha Life", "10,000,000+", Lunimegames@gmail.com, https://play.google.com/store/apps/details?id=air.com.lunime.gachalife
"Pou", "500,000,000+", pouhelp@gmail.com, https://play.google.com/store/apps/details?id=me.pou.app
"Bubble Shooter", "100,000,000+", support@ilyon.net, https://play.google.com/store/apps/details?id=bubbleshooter.orig
"Pooking - Billiards City", "100,000,000+", zhangli332211@gmail.com, https://play.google.com/store/apps/details?id=com.billiards.city.pool.nation.club
"My Talking Tom", "500,000,000+", support@outfit7.com, https://play.google.com/store/apps/details?id=com.outfit7.mytalkingtomfree
"Hill Climb Racing", "500,000,000+", support@fingersoft.com, https://play.google.com/store/apps/details?id=com.fingersoft.hillclimb
"Hay Day", "100,000,000+", gp-info@supercell.com, https://play.google.com/store/apps/details?id=com.supercell.hayday
"Homescapes", "100,000,000+", homescapes@playrix.com, https://play.google.com/store/apps/details?id=com.playrix.homescapes
"Township", "100,000,000+", support@playrix.com, https://play.google.com/store/apps/details?id=com.playrix.township
"The Mighty Quest for Epic Loot", "1,000,000+", android.support@ubisoft.com, https://play.google.com/store/apps/details?id=com.ubisoft.mightyquest
"Vineyard Valley: Design Story", "100,000+", support@jamcity.com, https://play.google.com/store/apps/details?id=com.jamcity.superchef
"Robbery Bob 2: Double Trouble", "10,000,000+", support@leveleight.se, https://play.google.com/store/apps/details?id=com.chillingo.robberybob2.android.gplay
"Cookie Jamâ„¢ Match 3 Games & Free Puzzle Game", "50,000,000+", support@jamcity.com, https://play.google.com/store/apps/details?id=air.com.sgn.cookiejam.gp
"Power Pop Bubbles", "10,000,000+", support@ilyon.net, https://play.google.com/store/apps/details?id=bubbles.pop.power
"Clash Royale", "100,000,000+", gp-info@supercell.com, https://play.google.com/store/apps/details?id=com.supercell.clashroyale
"Tap Tap Dash", "50,000,000+", ttdcs@conew.com, https://play.google.com/store/apps/details?id=com.secondarm.taptapdash
"Pencil Sketch Camera & Cartoon Art Photo Editor", "10,000+", modelzapp2019@gmail.com, https://play.google.com/store/apps/details?id=com.camera.sketch.camera.pencil
"Floor Plan Creator", "5,000,000+", support@floorplancreator.net, https://play.google.com/store/apps/details?id=pl.planmieszkania.android
"X Launcher New: With OS12 Style Theme & No Ads", "500,000+", ioslauncher@163.com, https://play.google.com/store/apps/details?id=com.ioslauncher.newest
"Smoke Name Art - Smoky Effect Focus n Filter Maker", "500,000+", appxstudio.co@gmail.com, https://play.google.com/store/apps/details?id=com.appxstudio.smokearteffect
"ibis Paint X", "10,000,000+", mob-paint-support@ibis.ne.jp, https://play.google.com/store/apps/details?id=jp.ne.ibis.ibispaintx.app
"Easy Paper Craft Project Ideas", "100,000+", semutmencariberkah@gmail.com, https://play.google.com/store/apps/details?id=com.EasyPaperCraftProjects.Esmut
"Crochet step by step. Learn crochet points", "10,000+", faloli423@outlook.com, https://play.google.com/store/apps/details?id=aprenderpuntoscrochet.crochetstepbystep.puntosganchillo
"Blossom Cube Crush", "10,000+", marscityjin@gmail.com, https://play.google.com/store/apps/details?id=com.wsinc.toycubeblast.BlossomCubes
"Design Logo Ideas | Create Logo eSport", "100,000+", mayamie@yandex.com, https://play.google.com/store/apps/details?id=com.mayamie.designlogoideas.esportlogomaker
"Colorfit - Drawing & Coloring", "1,000,000+", creative.feedback@hotmail.com, https://play.google.com/store/apps/details?id=com.creative.colorfit.mandala.coloring.book
"Crazy Car Impossible Track Racing Simulator", "10,000,000+", apic.studios65@gmail.com, https://play.google.com/store/apps/details?id=com.apc.impossible.mega.dangerous.ramp.stunt
"Motorcycle Stunts Game:Sky Runner Bike Stunts", "100,000+", classicfreegames3d@gmail.com, https://play.google.com/store/apps/details?id=com.classic.free.bike.stunts.game
"Consulta Placa Detran e Multa", "5,000,000+", devplank@gmail.com, https://play.google.com/store/apps/details?id=com.devplank.masterplaca
"Jet Sky War Fighter 2019: Airplane Shooting Combat", "1,000,000+", askgames.minisports@gmail.com, https://play.google.com/store/apps/details?id=games.mini.sports.jets.shooting
"Extreme City GT Car Stunts", "10,000,000+", gamepixel16@gmail.com, https://play.google.com/store/apps/details?id=com.aa.extreme.city.gt.car.stunts
"Cargo Delivery Truck Driver - Offroad Truck Games", "500,000+", twgamesstudio@outlook.com, https://play.google.com/store/apps/details?id=com.TopWinGames.OffroadTruckSimulator.OffroadTruckGames
"Impossible GT Car Racing Stunts 2019", "1,000,000+", Squadcell.playgames@gmail.com, https://play.google.com/store/apps/details?id=com.frenzygames.fgs.impossible.extreme.gt.car.racing.stunts
"City Coach Bus Simulator 2019", "1,000,000+", crownapps94@gmail.com, https://play.google.com/store/apps/details?id=com.jimaapps.city.coach.bus.simulator.driving
"GT Racing Master: Mega GT Stunts Lightning Chase", "1,000,000+", playvertex1@gmail.com, https://play.google.com/store/apps/details?id=com.play.vertex.gt.racing.master.tuner.car.stunts.legends.apps
"Crazy Car Impossible Track Racing Simulator 2", "100,000+", apic.studios65@gmail.com, https://play.google.com/store/apps/details?id=com.aps.impossible.gt.mega.car.ramp.stunt
"Homemade Beauty Guides: Facial Care", "100,000+", christine15june@gmail.com, https://play.google.com/store/apps/details?id=com.cylonblast.homemadebeautyguidesfacialcare
"Mirror Camera  (Mirror + Selfie Camera)", "1,000,000+", jacky.finalfantasy@gmail.com, https://play.google.com/store/apps/details?id=com.jkfantasy.camera.jkpmirrorcamera
"Mirror - Zoom & Exposure -", "1,000,000+", sagomanda@gmail.com, https://play.google.com/store/apps/details?id=com.barilab.handmirror.googlemarket
"Beauty Camera - Selfie Camera", "10,000,000+", beautycamera.photo@gmail.com, https://play.google.com/store/apps/details?id=com.northpark.beautycamera
"Skin and Face Care - acne, fairness, wrinkles", "100,000+", xtapps009@gmail.com, https://play.google.com/store/apps/details?id=face.blemishes.blackheads.fairskin.pimples.acne.wrinkles.xtapps.facecare
"LIPS(ãƒªãƒƒãƒ—ã‚¹) - ã‚³ã‚¹ãƒ¡ãƒ»ãƒ¡ã‚¤ã‚¯ã®ã‚¯ãƒã‚³ãƒŸæ¤œç´¢ã‚¢ãƒ—ãƒª", "500,000+", support@appbrew.io, https://play.google.com/store/apps/details?id=com.lipscosme.lips
"Makeup Camera - Beauty Face Photo Editor", "10,000+", shwaleedess5@gmail.com, https://play.google.com/store/apps/details?id=sh.makeup.camera.beauty.face.photo.editor
"Eye Makeup Tutorial Step By Step 2019", "10,000+", jilalironaldo88@gmail.com, https://play.google.com/store/apps/details?id=com.eyeshadowmakeupvideotutorial.stepbystep
"Magic Selfie Makeup Camera-Photo Editor", "100,000+", valenciaapps04@gmail.com, https://play.google.com/store/apps/details?id=valencia.magic.selfie.makeup.camer.photo.editor
"Hairstyles step by step", "1,000,000+", piupiuapps@gmail.com, https://play.google.com/store/apps/details?id=com.piupiuapps.hairstyles
"Idle Frontier: Tap Town Tycoon", "100,000+", support@idlefrontier.zendesk.com, https://play.google.com/store/apps/details?id=com.kongregate.mobile.idlefrontier.google
"Solitaire", "10,000,000+", lemongameinc@gmail.com, https://play.google.com/store/apps/details?id=com.lemongame.klondike.solitaire
"Sweet Fever", "5,000,000+", mobileguru808@gmail.com, https://play.google.com/store/apps/details?id=com.mobileguru.sweet.candyfever.free
"Solitaire", "5,000,000+", contact@mouse-games.com, https://play.google.com/store/apps/details?id=com.smilerlee.klondike
"Fruits Bomb", "10,000,000+", mobileguru808@gmail.com, https://play.google.com/store/apps/details?id=com.mobileguru.fruitsbomb.free
"Chess", "100,000,000+", help.chess@mail.ru, https://play.google.com/store/apps/details?id=com.jetstartgames.chess
"Bubble Shooter 2", "10,000,000+", support@ilyon.net, https://play.google.com/store/apps/details?id=shooter.two.purple
"Candy Fever", "10,000,000+", mobileguru808@gmail.com, https://play.google.com/store/apps/details?id=com.mobileguru.candyfever.free
"Moy 6 the Virtual Pet Game", "10,000,000+", bestpetgames@gmail.com, https://play.google.com/store/apps/details?id=com.frojo.moy6
"Stick War: Legacy", "50,000,000+", mobile@maxgames.com, https://play.google.com/store/apps/details?id=com.maxgames.stickwarlegacy
"Pet Rescue Saga", "100,000,000+", petrescue.techhelp@king.com, https://play.google.com/store/apps/details?id=com.king.petrescuesaga
"Candy Crush Jelly Saga", "100,000,000+", candycrushjelly.techhelp@king.com, https://play.google.com/store/apps/details?id=com.king.candycrushjellysaga
"Jelly Shift", "10,000,000+", info@saygames.by, https://play.google.com/store/apps/details?id=com.shape.change
"Mr Bullet - Spy Puzzles", "10,000,000+", hello@lionstudios.cc, https://play.google.com/store/apps/details?id=com.lionstudios.mrbullet
"Archero", "10,000,000+", archero@habby.fun, https://play.google.com/store/apps/details?id=com.habby.archero
"Bubble Shooter Genies", "10,000,000+", bubblegenies@puzzlejoy.com, https://play.google.com/store/apps/details?id=com.linkdesks.bubblegames.bubbleshooter
"Stick Fight: The Game Mobile", "1,000,000+", gamestickfightna@service.netease.com, https://play.google.com/store/apps/details?id=com.netease.ddsfna
"Angry Birds Rio", "100,000,000+", support@rovio.com, https://play.google.com/store/apps/details?id=com.rovio.angrybirdsrio
"Toy Brick Crush - Addictive Puzzle Matching Game", "1,000,000+", elly.wang@avid.ly, https://play.google.com/store/apps/details?id=com.toybrickcrush.casual.avidly
"Bubble Witch 3 Saga", "50,000,000+", bubblewitch3.techhelp@king.com, https://play.google.com/store/apps/details?id=com.king.bubblewitch3
"Lep's World 2 ğŸ€ğŸ€", "100,000,000+", support@LepsWorld2.com, https://play.google.com/store/apps/details?id=at.ner.lepsWorld2
"Word Search", "10,000,000+", wordloco.contact@gmail.com, https://play.google.com/store/apps/details?id=com.wordloco.wordchallenge
"Cat Runner: Decorate Home", "50,000,000+", help@ivymobile.com, https://play.google.com/store/apps/details?id=com.solou.catendless.run
"Payback 2 - The Battle Sandbox", "10,000,000+", payback2.support@apex-designs.net, https://play.google.com/store/apps/details?id=net.apex_designs.payback2
"Bubble Shooter", "50,000,000+", prevailkxvoq@gmail.com, https://play.google.com/store/apps/details?id=bubble.shoot.bubbles.game.saga.world
"Lep's World ğŸ€", "50,000,000+", support@LepsWorld2.com, https://play.google.com/store/apps/details?id=at.nerbrothers.SuperJump
"Fruit Burst", "5,000,000+", coolgamefromtom@gmail.com, https://play.google.com/store/apps/details?id=com.nextstep.fruitburstline
"Fruit NinjaÂ®", "100,000,000+", fruitninja@halfbrick.com, https://play.google.com/store/apps/details?id=com.halfbrick.fruitninjafree
"Bike Racing 3D", "100,000,000+", contact@words-mobile.com, https://play.google.com/store/apps/details?id=com.wordmobiles.bikeRacing
"Hungry Shark Evolution", "100,000,000+", android.support@ubisoft.com, https://play.google.com/store/apps/details?id=com.fgol.HungrySharkEvolution
"Tiles Hop: EDM Rush!", "50,000,000+", pama.support@amanotes.com, https://play.google.com/store/apps/details?id=com.amanotes.beathopper
"Real Cake Maker 3D - Bake, Design & Decorate", "10,000,000+", WeCare@TabTale.com, https://play.google.com/store/apps/details?id=com.cocoplay.cakemaker
"Sky Fighters 3D", "10,000,000+", contact@doodlemobile.com, https://play.google.com/store/apps/details?id=com.Bingo.Fighter
"The Archers 2", "10,000,000+", byv.games@gmail.com, https://play.google.com/store/apps/details?id=com.byv.TheArchers2
"Smash Hit", "100,000,000+", smashhit@mediocre.se, https://play.google.com/store/apps/details?id=com.mediocre.smashhit
"Helix Crush", "10,000,000+", pama.setup@amanotes.com, https://play.google.com/store/apps/details?id=com.amanotes.pamahelixtiles
"Among Us", "5,000,000+", us@innersloth.com, https://play.google.com/store/apps/details?id=com.innersloth.spacemafia
"Math Games, Learn Add, Subtract, Multiply & Divide", "5,000,000+", support@gunjanappstudios.com, https://play.google.com/store/apps/details?id=com.GamesForKids.Mathgames.MultiplicationTables
"Coloring & Learn", "10,000,000+", orangegstudios@gmail.com, https://play.google.com/store/apps/details?id=com.orange.coloring.learn.kids
"MARVEL Future Fight", "50,000,000+", netmarbles@igsinc.co.kr, https://play.google.com/store/apps/details?id=com.netmarble.mherosgb
"Jewels Track - Match 3 Puzzle", "10,000,000+", mobileguru808@gmail.com, https://play.google.com/store/apps/details?id=com.mobileguru.jewelslegend.free
"LEGOÂ® Juniors Create & Cruise", "100,000,000+", android@lego.com, https://play.google.com/store/apps/details?id=com.lego.bricksmore
"Fruits Legend", "10,000,000+", appgo@outlook.com, https://play.google.com/store/apps/details?id=com.appgame7.friutslegend
"YouTube Kids", "100,000,000+", ytkids-support@google.com, https://play.google.com/store/apps/details?id=com.google.android.apps.youtube.kids
"Toca Kitchen 2", "50,000,000+", support@tocaboca.com, https://play.google.com/store/apps/details?id=com.tocaboca.tocakitchen2
"Baby Twins - Newborn Care", "10,000,000+", WeCare@TabTale.com, https://play.google.com/store/apps/details?id=com.tabtale.babytwins
"PJ Masks: Moonlight Heroes", "50,000,000+", support@pjmasks.com, https://play.google.com/store/apps/details?id=com.pjmasks.moonlightheroes
"Puzzle Kids - Animals Shapes and Jigsaw Puzzles", "5,000,000+", app_support@rvappstudios.com, https://play.google.com/store/apps/details?id=com.rvappstudios.jigsaw.puzzles.kids
"TAYO Garage Game", "10,000,000+", iconixenter@gmail.com, https://play.google.com/store/apps/details?id=net.greysox.TayoX
"Little Panda's Pet Salon", "5,000,000+", ser@babybus.com, https://play.google.com/store/apps/details?id=com.sinyee.babybus.cosmetology
"Kiddopia - Preschool Learning Games", "10,000+", support@paperboatapps.com, https://play.google.com/store/apps/details?id=com.paperboatapps.google.kiddopia
"Khan Academy Kids: Free educational games & books", "500,000+", khankids@khanacademy.org, https://play.google.com/store/apps/details?id=org.khankids.android
"Cooking Mama: Let's cook!", "10,000,000+", mama_info02@ofcr.co.jp, https://play.google.com/store/apps/details?id=jp.co.ofcr.cm00
"Write Numbers: Tracing 123", "1,000,000+", info@trigonom.al, https://play.google.com/store/apps/details?id=al.trigonom.zahlenschreiben
"Thomas & Friends: Go Go Thomas", "10,000,000+", support@budgestudios.ca, https://play.google.com/store/apps/details?id=com.budgestudios.ThomasAndFriendsGoGoThomas
"Kid-E-Cats Picnic: Kitty Food Games for Kids", "5,000,000+", support@devgameou.com, https://play.google.com/store/apps/details?id=com.devgame.catspicnic
"Toca Hair Salon 3", "100,000+", support@tocaboca.com, https://play.google.com/store/apps/details?id=com.tocaboca.tocahairsalon3
"Hello Kitty Nail Salon", "50,000,000+", support@budgestudios.ca, https://play.google.com/store/apps/details?id=com.budgestudios.HelloKittyNailSalon
"ABC Kids - Tracing & Phonics", "10,000,000+", app_support@rvappstudios.com, https://play.google.com/store/apps/details?id=com.rvappstudios.abc_kids_toddler_tracing_phonics
"LEGOÂ® DC Mighty Micros", "50,000,000+", android@lego.com, https://play.google.com/store/apps/details?id=com.lego.superheroes.dccomicsmightymicros
"Hot Wheels: Race Off", "50,000,000+", support@hutchgames.com, https://play.google.com/store/apps/details?id=com.hutchgames.hotwheels
"Kids Doodle - Color & Draw", "50,000,000+", doodle.joy.studio@gmail.com, https://play.google.com/store/apps/details?id=com.doodlejoy.studio.kidsdoojoy
"Disney Magic Kingdoms: Build Your Own Magical Park", "10,000,000+", android.support@gameloft.com, https://play.google.com/store/apps/details?id=com.gameloft.android.ANMP.GloftDYHM
"Baby Panda's Supermarket", "10,000,000+", ser@babybus.com, https://play.google.com/store/apps/details?id=com.sinyee.babybus.shopping
"Little Panda: Princess Dress Up", "10,000,000+", ser@babybus.com, https://play.google.com/store/apps/details?id=com.sinyee.babybus.princess
"Baby Panda Care", "10,000,000+", ser@babybus.com, https://play.google.com/store/apps/details?id=com.sinyee.babybus.care
"LEGOÂ® DUPLOÂ® Train", "10,000,000+", android@lego.com, https://play.google.com/store/apps/details?id=com.lego.duplo.trains
"Barbie Dreamhouse Adventures", "10,000,000+", support@budgestudios.ca, https://play.google.com/store/apps/details?id=com.budgestudios.googleplay.BarbieDreamhouse
"Little Panda's Chinese Recipes", "10,000,000+", ser@babybus.com, https://play.google.com/store/apps/details?id=com.sinyee.babybus.food
"My Bakery Empire - Bake, Decorate & Serve Cakes", "10,000,000+", WeCare@TabTale.com, https://play.google.com/store/apps/details?id=com.cocoplay.sweet.bakery
"My Little Pony Rainbow Runners", "10,000,000+", support@budgestudios.ca, https://play.google.com/store/apps/details?id=com.budgestudios.googleplay.MyLittlePonyRainbowRunners
"Minion Rush: Despicable Me Official Game", "100,000,000+", android.support@gameloft.com, https://play.google.com/store/apps/details?id=com.gameloft.android.ANMP.GloftDMHM
"LEGOÂ® NINJAGOÂ®: Ride Ninja", "10,000,000+", android@lego.com, https://play.google.com/store/apps/details?id=com.lego.ninjago.rideninja
"Boomerang Make and Race - Scooby-Doo Racing Game", "50,000,000+", apps.emea@turner.com, https://play.google.com/store/apps/details?id=air.com.turner.boomerangmakeandrace
"My Little Pony: Harmony Quest", "10,000,000+", support@budgestudios.ca, https://play.google.com/store/apps/details?id=com.budgestudios.MyLittlePonyHarmonyQuest
"Solitaire", "1,000,000+", coolgames2017@outlook.com, https://play.google.com/store/apps/details?id=solitaire.card.games.free.klondike.solitaire.classic.fun
"Masha and the Bear. Educational Games", "50,000,000+", edujoy@edujoy.es, https://play.google.com/store/apps/details?id=com.edujoy.masha.games
"Farming Simulator 14", "50,000,000+", support@giants-software.com, https://play.google.com/store/apps/details?id=com.giantssoftware.fs14
"Word Search Games in english", "10,000,000+", edujoy@edujoy.es, https://play.google.com/store/apps/details?id=com.edujoy.Word_Search
"Color Hockey", "10,000,000+", gaming.one@hotmail.com, https://play.google.com/store/apps/details?id=com.gameone.colorhockey.free
"Baby Panda's Fashion Dress Up Game", "10,000,000+", ser@babybus.com, https://play.google.com/store/apps/details?id=com.sinyee.babybus.tailor
"Mahjong", "10,000,000+", Honey.Tripeaks@gmail.com, https://play.google.com/store/apps/details?id=mahjong.games.mahjong.classic.free
"Truck games for kids - build a house ğŸ¡ car wash", "5,000,000+", toplinesolutionsltd@gmail.com, https://play.google.com/store/apps/details?id=com.gokids.transportbuilding
"Bricks Breaker - Glow Balls", "1,000,000+", support@imbigcat.com, https://play.google.com/store/apps/details?id=balls.glow.bricks.breaker.brounce.ballz.puzzle.free
"Coloring games for kids animal", "10,000,000+", rmsgamesforkidsseller@gmail.com, https://play.google.com/store/apps/details?id=com.coloring.book.animals
"sand:box - relaxing particle engine", "10,000,000+", smellymoo@gmail.com, https://play.google.com/store/apps/details?id=smellymoo.sand
"Princess Salon", "10,000,000+", contact@libiitech.com, https://play.google.com/store/apps/details?id=com.libiitech.princesssalon
"Barbie Magical Fashion", "10,000,000+", support@budgestudios.ca, https://play.google.com/store/apps/details?id=com.budgestudios.BarbieMagicalFashion
"Toca Mini", "50,000+", support@tocaboca.com, https://play.google.com/store/apps/details?id=com.tocaboca.tocamini
"Toca Blocks", "100,000+", support@tocaboca.com, https://play.google.com/store/apps/details?id=com.tocaboca.blocks
"Coloring Book for family", "5,000,000+", colorfit.app@outlook.com, https://play.google.com/store/apps/details?id=com.eyewind.colorfit.family
"Animal Coloring Book", "1,000,000+", colorfit.app@outlook.com, https://play.google.com/store/apps/details?id=com.eyewind.colorfit.animal_kingdom
"Draw Your Game", "10,000,000+", contact@zerokcm.fr, https://play.google.com/store/apps/details?id=com.korrisoft.draw.your.game
"LEGOÂ® Creator Islands - Build, Play & Explore", "10,000,000+", android@lego.com, https://play.google.com/store/apps/details?id=com.lego.creator.creatorislands
"Barbieâ„¢ Fashion Closet", "10,000,000+", service@mattel.com, https://play.google.com/store/apps/details?id=com.mattel.barbiesparkleblastkids
"Hello Kitty Lunchbox", "10,000,000+", support@budgestudios.ca, https://play.google.com/store/apps/details?id=com.budgestudios.HelloKittyLunchBox
"Doodle | Magic Joy", "10,000,000+", eyewind.draw@hotmail.com, https://play.google.com/store/apps/details?id=com.drawapp.magicdoodle
"Thomas & Friends Minis", "5,000,000+", support@budgestudios.ca, https://play.google.com/store/apps/details?id=com.budgestudios.googleplay.ThomasAndFriendsMinis
"Pinkfong Baby Shark", "10,000,000+", cs@smartstudy.co.kr, https://play.google.com/store/apps/details?id=kr.co.smartstudy.babyshark_android_googlemarket
"PaperColor : Paint Draw Sketchbook & PaperDraw", "10,000,000+", eyewind.color@hotmail.com, https://play.google.com/store/apps/details?id=com.eyewind.paperone
"Animals Puzzle for Kids ğŸ¦ğŸ°ğŸ¬ğŸ®ğŸ¶ğŸµ", "10,000,000+", kids@iabuzz.com, https://play.google.com/store/apps/details?id=com.iabuzz.puzzle4kidsAnimals
"First Words for Baby", "1,000,000+", androbabyid@gmail.com, https://play.google.com/store/apps/details?id=com.androbaby.firstwordsforbaby
"Pottery.ly 3Dâ€“ Relaxing Ceramic Maker", "1,000,000+", incolor.feedback@hotmail.com, https://play.google.com/store/apps/details?id=com.create.pottery.paint.by.color
"All By Myself - Little Critter", "50,000+", support@oceanhousemedia.com, https://play.google.com/store/apps/details?id=com.oceanhouse_media.booklcallbymyself_app
"Trip to the zoo for kids", "5,000,000+", kidsgameprojects@gmail.com, https://play.google.com/store/apps/details?id=com.kidsgamesprojects.zooforkids
"Kids A-Z", "1,000,000+", support@learninga-z.com, https://play.google.com/store/apps/details?id=com.learninga_z.onyourown
"The Cat in the Hat - Dr. Seuss", "100,000+", support@oceanhousemedia.com, https://play.google.com/store/apps/details?id=com.oceanhouse_media.bookcatinthehat_app
"Learn to Read with Tommy Turtle", "5,000,000+", questions@intellijoy.com, https://play.google.com/store/apps/details?id=com.intellijoy.android.reading.free
"Animal Sounds for Baby", "1,000,000+", MattelConsumerService@Mattel.com, https://play.google.com/store/apps/details?id=air.fisherprice.com.animalsounds
"Sesame Street Alphabet Kitchen", "1,000,000+", support@tiggly.com, https://play.google.com/store/apps/details?id=com.sesameworkshop.alphabetkitchen.play
"WebComics", "1,000,000+", webcomics@sidewalkgroup.com, https://play.google.com/store/apps/details?id=com.webcomics.manga
"MangaToon-Good comics, Great stories", "5,000,000+", mangatoon.app@gmail.com, https://play.google.com/store/apps/details?id=mobi.mangatoon.comics.aphone
"WEBTOON", "10,000,000+", dl_linewebtoon@webtoonscorp.com, https://play.google.com/store/apps/details?id=com.naver.linewebtoon
"Sniper 3D Shooter- Gun Shooting Games", "1,000,000+", devgame88@gmail.com, https://play.google.com/store/apps/details?id=com.shootinggames.sniper3d.assassin
"Ramp Car Stunts Racing: Impossible Tracks 3D", "1,000,000+", gameswingstudio@gmail.com, https://play.google.com/store/apps/details?id=com.gameswing.impossiblecarstunts.monstertrucks.cardriving.simulator
"Manga Rock - Best Manga Reader", "5,000,000+", support@mangarock.com, https://play.google.com/store/apps/details?id=com.notabasement.mangarock.android.titan
"æ¼«å’– Comics - Manga,Novel and Audio", "1,000,000+", ella.mandy369@gmail.com, https://play.google.com/store/apps/details?id=com.qianxun.comic
"Taxi Car Stunts Games 3D: Ramp Car Stunts", "500,000+", mustardgamesstudios@gmail.com, https://play.google.com/store/apps/details?id=com.mustardgames.impossiblecarstunts.taxi.car.driving
"comico å…è²»å…¨å½©æ¼«ç•«", "1,000,000+", dev-android-tw@comico.tw, https://play.google.com/store/apps/details?id=tw.comico
"Scary Temple Final Run Lost Princess Running Game", "500,000+", Motionracinggames@gmail.com, https://play.google.com/store/apps/details?id=com.motioningames.run.temple.endless
"Diamond Witch Legend Puzzle", "100,000+", shopguidegame@gmail.com, https://play.google.com/store/apps/details?id=usbobble.egyptroad.witchJewelJourney
"Secure Folder", "500,000,000+", secfolder@samsung.com, https://play.google.com/store/apps/details?id=com.samsung.knox.securefolder
"PDF Reader - Sign, Scan, Edit & Share PDF Document", "10,000,000+", appservice@kdanmobile.com, https://play.google.com/store/apps/details?id=com.kdanmobile.android.pdfreader.google.pad
"Fiverr - Freelance Services", "5,000,000+", support@fiverr.com, https://play.google.com/store/apps/details?id=com.fiverr.fiverr
"FLASH Business", "100,000+", hello@flash.co.za, https://play.google.com/store/apps/details?id=com.flash.flashtrader
"104 æ‰¾å·¥ä½œ - æ‰¾æ‰“å·¥ å…è²»å±¥æ­·å¥æª¢ æ‰¾å·¥ä½œ æ‰¾å…¼è· å±¥æ­·è¨ºç™‚å®¤", "1,000,000+", 104apps@104.com.tw, https://play.google.com/store/apps/details?id=com.m104
"OlympTrade â€“ Online Trading App", "10,000,000+", help@olymptrade.com, https://play.google.com/store/apps/details?id=com.ticno.olymptrade
"Google My Business - Connect with your Customers", "10,000,000+", local-mobile-app-support@google.com, https://play.google.com/store/apps/details?id=com.google.android.apps.vega
"Curriculum vitae App CV Builder Resume CV Maker", "1,000,000+", aristozapps@gmail.com, https://play.google.com/store/apps/details?id=com.aristoz.espanol.curriculumvitae
"Indeed Job Search", "100,000,000+", android@indeed.com, https://play.google.com/store/apps/details?id=com.indeed.android.jobsearch
"40 Ø±Ù…Ø§Ù† Ú¯Ù„Ú†ÛŒÙ†â€", "10,000+", freeapks.co.team@gmail.com, https://play.google.com/store/apps/details?id=sepehrgostar.roman
"å…è²»å°èªªå¤§å…¨ - ç†±é–€å…è´¹å°è¯´é–±è®€å™¨ - é€£è¼‰å®Œæœ¬å°èªª - éƒ½å¸‚è¨€æƒ…/è±ªé–€ç¸½è£å°èªª", "50,000+", yujin@hongshu.com, https://play.google.com/store/apps/details?id=cn.xingread.dny
"Wattpad  ğŸ“–  Where stories live.", "100,000,000+", support@wattpad.com, https://play.google.com/store/apps/details?id=wp.wattpad
"Wikipedia", "10,000,000+", mobile-android-wikipedia@wikimedia.org, https://play.google.com/store/apps/details?id=org.wikipedia
"Amazon Kindle", "100,000,000+", kindle-cs-support@amazon.com, https://play.google.com/store/apps/details?id=com.amazon.kindle
"Ø±Ù…Ø§Ù†Ø³ØªØ§Ù† (Û¹Û°Û° Ø±Ù…Ø§Ù†)â€", "100,000+", salimisami@gmail.com, https://play.google.com/store/apps/details?id=ir.hawijapp.roman
"Ø¯Ø§Ù†Ù„ÙˆØ¯ Ú©ØªØ§Ø¨ Ø±Ø§ÛŒÚ¯Ø§Ù† Ø¨Ø§ Ú©ØªØ§Ø¨ Ø³Ø¨Ø²â€", "500,000+", info@ketabesabz.com, https://play.google.com/store/apps/details?id=com.ketabesabz.app
"Cool Reader", "10,000,000+", coolreader.org@gmail.com, https://play.google.com/store/apps/details?id=org.coolreader
"æŒé˜… iReader", "5,000,000+", support@ireader.com, https://play.google.com/store/apps/details?id=com.chaozh.iReader
"Medicinal plants", "1,000,000+", yacynth@gmail.com, https://play.google.com/store/apps/details?id=com.ndonna.plantesmedicinales
"ÙÛŒÙ„ØªØ±Ú¯Ø±Ø§Ù… *** Ø¶Ø¯ÙÛŒÙ„ØªØ± ***â€", "100,000+", Support@filtergram.website, https://play.google.com/store/apps/details?id=me.filtergram
"Google Chrome: Fast & Secure", "5,000,000,000+", apps-help@google.com, https://play.google.com/store/apps/details?id=com.android.chrome
"Messenger for SMS", "10,000,000+", smsmessagefeedback@gmail.com, https://play.google.com/store/apps/details?id=com.link.messages.sms
"WhatsApp Business", "100,000,000+", smb@support.whatsapp.com, https://play.google.com/store/apps/details?id=com.whatsapp.w4b
"Privacy Messenger - Private SMS messages, Call app", "1,000,000+", hi@melonsapp.com, https://play.google.com/store/apps/details?id=com.melonsapp.privacymessenger
"1024ç›´æ’­â€”è¯äººæœ€çˆ±çš„ç¾å¥³è¦–è¨Šç›´æ’­èŠå¤©äº¤å‹ç§€å ´", "500,000+", 1024hotlive@gmail.com, https://play.google.com/store/apps/details?id=com.ggls.perform.show.yleslive
"OkCupid - The #1 Online Dating App for Great Dates", "10,000,000+", support@okcupid.com, https://play.google.com/store/apps/details?id=com.okcupid.okcupid
"CMB Free Dating App", "1,000,000+", contact@coffeemeetsbagel.com, https://play.google.com/store/apps/details?id=com.coffeemeetsbagel
"LunchClick by Lunch Actually - Free Dating App", "100,000+", support@lunchclick.co, https://play.google.com/store/apps/details?id=co.lunchclick
"é€Ÿç´„ - æ–°åŠ å¡å…è²»ç´„æœƒäº¤å‹App", "50,000+", support@speedyloving.com, https://play.google.com/store/apps/details?id=com.speedyloving.app
"JustDating", "1,000,000+", justdatingapp@gmail.com, https://play.google.com/store/apps/details?id=com.davis.justdating
"Free Dating App & Flirt Chat - Match with Singles", "10,000,000+", jessirich9@gmail.com, https://play.google.com/store/apps/details?id=dating.app.chat.flirt.wgbcv
"WeDate - ç´„æœƒæˆ€æ„›äº¤å‹ Dating App", "100,000+", support@wedatenow.com, https://play.google.com/store/apps/details?id=com.wedate.app
"95Live -SG#1 Live Streaming App", "1,000,000+", goodtolastdeal@gmail.com, https://play.google.com/store/apps/details?id=com.dongby.android.mmshow.inter
"NoonswoonÂ® | Dating - Match, Chat, Meet", "100,000+", noonswoonapp@gmail.com, https://play.google.com/store/apps/details?id=com.noonswoonapp
"ìŠ¤ì¹´ì´í”¼í”Œ (ìŠ¤í”¼) : ì„œìš¸ëŒ€ìƒì´ ë§Œë“  ì¸ì¦ì„ í†µí•œ ì•ˆì „í•œ ì†Œê°œíŒ…", "100,000+", help@skypeople.me, https://play.google.com/store/apps/details?id=app.hybirds.skypeople
"iDates - Chat, Flirt with Singles & Fall in Love", "1,000,000+", info@boranuonline.com, https://play.google.com/store/apps/details?id=com.boranuonline.idates
"MyDates - The best way to find long lasting love", "100,000+", support@mydates.com, https://play.google.com/store/apps/details?id=com.boranuonline.mydates2
"Once - Quality Matches Every day", "1,000,000+", hello@getonce.com, https://play.google.com/store/apps/details?id=com.once.android
"GLAM - Tier Dating", "1,000,000+", admin@glam.am, https://play.google.com/store/apps/details?id=com.charmy.cupist
"Moco+ - Chat, Meet People", "10,000+", android@corp.mocospace.com, https://play.google.com/store/apps/details?id=com.jnj.mocospace.android.plus
"Dil Mil: South Asian singles, dating & marriage", "100,000+", support@dilmil.co, https://play.google.com/store/apps/details?id=co.dilmil.android
"EliteSingles: Match Making Dating App", "500,000+", support@elitesingles.com, https://play.google.com/store/apps/details?id=de.affinitas.za.co.elitesingles.and
"Homojen App - LGBT Social Platform", "100+", support@homojenapp.com, https://play.google.com/store/apps/details?id=ru.lgbt.homojenapp
"Teenage Chat & Dating (Pro)", "100+", social@astrizstudios.com, https://play.google.com/store/apps/details?id=com.com.os.Teenage_Chat_and_Dating_App_Pro_6656
"iDearlyBeloved Dating App", "50+", headquarters@idearlybeloved.com, https://play.google.com/store/apps/details?id=com.idearlybeloved
"WannaMeet Power", "1,000+", admin@wannameet.com, https://play.google.com/store/apps/details?id=com.wannameet.power.android.app
"Ad-Free plugin for SayHi", "100+", support@unearby.com, https://play.google.com/store/apps/details?id=com.easyroid.adblock
"AMBW Dating App: Asian Men & Black Women Community", "10+", support@blasianloveforever.com, https://play.google.com/store/apps/details?id=com.blasianloveforever.apps
"ëŸ¬ë¸Œê²Œì„ - ì§„ì‹¤ê²Œì„ì¹´ë“œ19+", "10+", jinny950718@gmail.com, https://play.google.com/store/apps/details?id=com.knowledgeware.modelexecutor80.gamelove_3878129507
"Cold Approach", "100+", pascal.andraos@gmail.com, https://play.google.com/store/apps/details?id=com.pascalandraos.coldapproach
"Free To Love Youâ„¢ Dating App ...Chat & Connect!", "10+", support@freetoloveyou.com, https://play.google.com/store/apps/details?id=com.freetoloveyoudating.apps
"Video Tube", "1,000,000+", visoftteam2019@gmail.com, https://play.google.com/store/apps/details?id=com.videotube.playings
"Digital TV", "10,000,000+", playstor@motorola.com, https://play.google.com/store/apps/details?id=com.motorola.dtv
"Tubi - Free Movies & TV Shows", "50,000,000+", support@tubi.tv, https://play.google.com/store/apps/details?id=com.tubitv
"Mobile TV", "10,000,000+", playstor@motorola.com, https://play.google.com/store/apps/details?id=com.nmi.mtv.app.condor
"fruit harvest time", "1,000,000+", marscityjin@gmail.com, https://play.google.com/store/apps/details?id=com.wsinc.gemskingdom.FruitHarvestFram
"Google Play Games", "1,000,000,000+", apps-help@google.com, https://play.google.com/store/apps/details?id=com.google.android.play.games
"ØªÙ„ÙˆÛŒØ²ÛŒÙˆÙ† Ùˆ Ù…Ø§Ù‡ÙˆØ§Ø±Ù‡ - Ù¾Ø®Ø´ Ø±Ø§ÛŒÚ¯Ø§Ù†â€", "100,000+", free.tv.app9@gmail.com, https://play.google.com/store/apps/details?id=org.tvapp.playfree
"Ù…Ø§Ù‡ÙˆØ§Ø±Ù‡ Ù…Ù† - ØªÙ…Ø§Ø´Ø§ÛŒ ØªÙ„ÙˆÛŒØ²ÛŒÙˆÙ† Ùˆ Ù…Ø§Ù‡ÙˆØ§Ø±Ù‡ Ø¢Ù†Ù„Ø§ÛŒÙ†â€", "100,000+", app.mysat@gmail.com, https://play.google.com/store/apps/details?id=my_player.satellite.tv
"VTV Go for Smart TV", "1,000,000+", vietnamtelevisiondigitalcenter@gmail.com, https://play.google.com/store/apps/details?id=vn.vtv.vtvgotv
"G12 ECZ Past Papers", "10,000+", gagglesmobile@gmail.com, https://play.google.com/store/apps/details?id=com.gagglesmobile.g12eczpastpapers
"Red Rose Keyboard", "10,000,000+", madcr90@mail.com, https://play.google.com/store/apps/details?id=com.jb.gokeyboard.theme.funredroses
"Preschool Kids Learning : ABC, Number, Colors", "100,000+", hjapps4you@gmail.com, https://play.google.com/store/apps/details?id=com.ffour.android.learnabc
"Job Circular", "500,000+", contact@careerguidebd.com, https://play.google.com/store/apps/details?id=com.careerguidebd.jobcircular
"504 Ù„ØºØª Ø¶Ø±ÙˆØ±ÛŒ ( Ø¢Ù…ÙˆØ²Ø´ Ø²Ø¨Ø§Ù† Ø§Ù†Ú¯Ù„ÛŒØ³ÛŒ )â€", "100,000+", sajad.tnejad@gmail.com, https://play.google.com/store/apps/details?id=com.anjeldeveloper.essentialword
"Belajar Huruf dan Angka", "1,000,000+", rizapn@gmail.com, https://play.google.com/store/apps/details?id=rpn.android.abc123
"Ø§Ù†Ú¯Ø±ÛŒØ²ÛŒ Ø³ÛŒÚ©Ú¾ÛŒÚº Learn English Speaking in Urdu", "100,000+", urdupure@gmail.com, https://play.google.com/store/apps/details?id=com.urdupurelearnenglish
"IMPROVE ENGLISH SPEAKING", "100,000+", support@gyanbadhaiye.com, https://play.google.com/store/apps/details?id=com.appybuilder.craziyogi07.ImproveEnglishSpeaking
"English To Tagalog Dictionary", "500,000+", learnsolo.care@gmail.com, https://play.google.com/store/apps/details?id=com.learnsolo.flipinodictionaryoffline
"English To Zulu Dictionary", "50,000+", learnsolo.care@gmail.com, https://play.google.com/store/apps/details?id=com.learnsolo.zuladictionaryoffline
"Diseases Treatments Dictionary", "100,000+", diseasesdic@gmail.com, https://play.google.com/store/apps/details?id=com.diseases.treatment_dictionary
"All Events in City", "100,000+", contact@allevents.in, https://play.google.com/store/apps/details?id=com.amitech.allevents
"Fighter Commando Battleground ThemeğŸ’£", "5,000+", freelauncher2019@gmail.com, https://play.google.com/store/apps/details?id=com.launcher.theme.t211820529
"TVP INFO", "10,000+", aplikacje_tvp@tvp.pl, https://play.google.com/store/apps/details?id=pl.tvp.info
"Name days", "500,000+", android@ipndata.sk, https://play.google.com/store/apps/details?id=sk.ipndata.meninyamenafree
"é–ƒé›»å°ç! 10å€é€Ÿçµ±ä¸€ç™¼ç¥¨å°ç ï¼Œçµ±ä¸€ç™¼ç¥¨å…Œçæ©Ÿ å…Œçç¥å™¨ ç™¼ç¥¨å°çæ©Ÿ é›²ç«¯ç™¼ç¥¨ ç™¼ç¥¨ç®¡ç†", "50,000+", lib.android@gmail.com, https://play.google.com/store/apps/details?id=fintech.com.invoice
"Nearify - Discover Events", "100,000+", hello@nearify.com, https://play.google.com/store/apps/details?id=com.nearify.android
"Birdays â€“ Birthday reminder", "100,000+", birdaysapp@gmail.com, https://play.google.com/store/apps/details?id=com.djonique.birdays
"Spontacts: Free Time Activities & Events Near You", "500,000+", info@spontacts.com, https://play.google.com/store/apps/details?id=com.conceptworks.spontacts
"Ingresse - Ingressos e Eventos", "500,000+", contato@ingresse.com, https://play.google.com/store/apps/details?id=com.ingresse.ticketbooth
"LANDBANK Mobile Banking", "1,000,000+", LANDBANKePD@gmail.com, https://play.google.com/store/apps/details?id=com.landbank.mobilebanking
"Find Events, Expo, Conference, Workshop to attend!", "100,000+", android@10times.com, https://play.google.com/store/apps/details?id=com.tentimes
"Market+ Mobile", "1,000,000+", request@aastocks.com, https://play.google.com/store/apps/details?id=com.aastocks.dzh
"ING Banking to go", "1,000,000+", info@ing.de, https://play.google.com/store/apps/details?id=de.ingdiba.bankingapp
"Absa Banking App", "1,000,000+", Bankingapp@absa.co.za, https://play.google.com/store/apps/details?id=com.barclays.absa.banking
"Capitec Remote Banking", "5,000,000+", clientcare@capitecbank.co.za, https://play.google.com/store/apps/details?id=capitecbank.remote.prd
"Easypaisa", "5,000,000+", support.easypaisaapp@telenorbank.pk, https://play.google.com/store/apps/details?id=pk.com.telenor.phoenix
"FirstMobile", "1,000,000+", firstcontact@firstbanknigeria.com, https://play.google.com/store/apps/details?id=com.firstbank.firstmobile
"Ù‡Ù…Ø±Ø§Ù‡ Ú©Ø§Ø±Øªâ€", "1,000,000+", info@hamrahcard.ir, https://play.google.com/store/apps/details?id=com.adpdigital.mbs.ayande
"CAIXA", "50,000,000+", suporte.mobile@caixa.gov.br, https://play.google.com/store/apps/details?id=br.com.gabba.Caixa
"foodpanda - Local Food Delivery", "10,000,000+", contact@foodpanda.ro, https://play.google.com/store/apps/details?id=com.global.foodpanda.android
"ĞÑ‰Ğ°Ğ´ 24/7", "1,000,000+", contact-centre@oschadbank.ua, https://play.google.com/store/apps/details?id=ua.oschadbank.online
"ãƒã‚¯ãƒ‰ãƒŠãƒ«ãƒ‰ - McDonald's Japan", "10,000,000+", info@sp.mdj.jp, https://play.google.com/store/apps/details?id=jp.co.mcdonalds.android
"ã‚¯ãƒƒã‚¯ãƒ‘ãƒƒãƒ‰ - ç„¡æ–™ãƒ¬ã‚·ãƒ”æ¤œç´¢ã§æ–™ç†ãƒ»çŒ®ç«‹ä½œã‚Šã‚’æ¥½ã—ãï¼", "10,000,000+", support@cookpad.com, https://play.google.com/store/apps/details?id=com.cookpad.android.activities
"McDonald's", "10,000,000+", mcdonaldsglobalmobileapp@gmail.com, https://play.google.com/store/apps/details?id=com.mcdonalds.mobileapp
"Swiggy Food Order & Delivery", "50,000,000+", android@swiggy.in, https://play.google.com/store/apps/details?id=in.swiggy.android
"SarashpazPapion (Ø¢Ø´Ù¾Ø²ÛŒ Ø¨Ø§ Ø³Ø±Ø¢Ø´Ù¾Ø² Ù¾Ø§Ù¾ÛŒÙˆÙ†)â€", "100,000+", sarashpazpapion@gmail.com, https://play.google.com/store/apps/details?id=ir.mynal.papillon.papillonchef
"ã™ã‹ã„ã‚‰ãƒ¼ãã‚¢ãƒ—ãƒª ãŠå¾—ãªã‚¯ãƒ¼ãƒãƒ³ãŒä½¿ãˆã‚‹ç„¡æ–™ã‚¢ãƒ—ãƒª", "5,000,000+", sk_app_cs@skylark.co.jp, https://play.google.com/store/apps/details?id=jp.co.skylark.app.gusto
"Zomato - Restaurant Finder and Food Delivery App", "50,000,000+", android@zomato.com, https://play.google.com/store/apps/details?id=com.application.zomato
"Fruits Garden Wonderland", "100,000+", sapporocross@gmail.com, https://play.google.com/store/apps/details?id=pastudio.gemsswapgame.fruitfantasyGarden
"Fruit island Match", "100,000+", marscityjin@gmail.com, https://play.google.com/store/apps/details?id=com.wsinc.jewelCrush.FruitIslandMatch3
"Best New Ringtones 2019 Free ğŸ”¥ For Androidâ„¢", "1,000,000+", best.ringtones.notifications@gmail.com, https://play.google.com/store/apps/details?id=topringtones.newringtones.sonneries
"best launcher theme for android - free launcher", "500,000+", lockapp992@gmail.com, https://play.google.com/store/apps/details?id=com.ggle.android.apps.harapix
"Top 100+ New Ringtones 2019 Free | For Androidâ„¢", "100,000+", calmtones007@gmail.com, https://play.google.com/store/apps/details?id=com.dev.cross.ringz_1
"Cool Popular Ringtones 2019 ğŸ”¥ | New for Android", "1,000,000+", ideas.pro.studio@gmail.com, https://play.google.com/store/apps/details?id=com.famousringtones2017.populartones.bestringtones
"Best Galaxy S9 Plus Ringtones 2019 | Free", "1,000,000+", best.ringtones.notifications@gmail.com, https://play.google.com/store/apps/details?id=galaxys9ringtones.ringtonesfors9.notifications
"Latest Cool Ringtones 2019 | New For Androidâ„¢", "100,000+", brain.apps.maker@gmail.com, https://play.google.com/store/apps/details?id=topringtones2019.amazingtones2020.android
"Awesome Android - UI Libraries", "50,000+", sumitlubal@hotmail.com, https://play.google.com/store/apps/details?id=in.sumeetlubal.aweandroid.aweandroid
"Best Ringtones 2019", "1,000,000+", gerrard.laroche@gmail.com, https://play.google.com/store/apps/details?id=com.Best.Ringtones
"Condor Passport", "5,000,000+", condordevteam@gmail.com, https://play.google.com/store/apps/details?id=dz.condor.Condorpassport
"Home Workout - No Equipment", "50,000,000+", northpark.android@gmail.com, https://play.google.com/store/apps/details?id=homeworkout.homeworkouts.noequipment
"ÙƒÙ„Ù…Ø§Øª Ø¹Ù„Ù…ØªÙ†ÙŠ Ù…Ø¹Ù†Ù‰ Ø§Ù„Ø­ÙŠØ§Ø©â€", "100,000+", hmjabri33@gmail.com, https://play.google.com/store/apps/details?id=com.kalimatwahikam.sowar.kalam
"Lose Weight App for Men - Weight Loss in 30 Days", "5,000,000+", northpark.android@gmail.com, https://play.google.com/store/apps/details?id=menloseweight.loseweightappformen.weightlossformen
"Pedometer -  Step Counter Free & Calorie Burner", "10,000,000+", abishkking@gmail.com, https://play.google.com/store/apps/details?id=pedometer.stepcounter.calorieburner.pedometerforwalking
"Lose Belly Fat-Home Abs Fitness Workout", "1,000,000+", wuzhangyun313@gmail.com, https://play.google.com/store/apps/details?id=com.bellyfat.absworkout.fitness.flat
"Step Counter - Calorie Counter", "1,000,000+", support@sdgcode.com, https://play.google.com/store/apps/details?id=com.sdgcode.stepcaloriecounter
"Lose Weight in 30 Days", "10,000,000+", abishkking@gmail.com, https://play.google.com/store/apps/details?id=loseweight.weightloss.workout.fitness
"Lose Belly Fat in 30 Days - Flat Stomach", "10,000,000+", abishkking@gmail.com, https://play.google.com/store/apps/details?id=losebellyfat.flatstomach.absworkout.fatburning
"Farm Blast", "500,000+", shopguidegame@gmail.com, https://play.google.com/store/apps/details?id=usBobble.jewel.farmblast
"ì•„íŒŒíŠ¸ ì‹¤ê±°ë˜ê°€ (ì•„ì‹¤) - ë¶€ë™ì‚°", "500,000+", asil2018@naver.com, https://play.google.com/store/apps/details?id=kr.co.koreachart.city
"Workout for women - weight loss", "100,000+", senia455641@gmail.com, https://play.google.com/store/apps/details?id=com.wood.app.women.workout.fitness
"Female Fitness - Women Workout", "10,000,000+", northpark.android@gmail.com, https://play.google.com/store/apps/details?id=women.workout.female.fitness
"LHì„ëŒ€ë¶„ì–‘ì •ë³´", "500,000+", weareappcorp@gmail.com, https://play.google.com/store/apps/details?id=kr.co.namanapp.leasehouse
"591æˆ¿å±‹äº¤æ˜“ - ç§Ÿå±‹ã€ä¸­å¤å±‹ã€æ–°å»ºæ¡ˆ", "1,000,000+", liudongcai@addcn.com, https://play.google.com/store/apps/details?id=com.addcn.android.house591
"1.000+ Model Rumah Minimalis + Denah + Feng Shui", "100,000+", andreaskuswardhana@gmail.com, https://play.google.com/store/apps/details?id=com.plong.model.rumah.minimalis.modern.terbaru
"realestate.com.au - Buy, Rent & Sell Property", "1,000,000+", customercare@realestate.com.au, https://play.google.com/store/apps/details?id=au.com.realestate.app
"Alfred Home Security Camera", "10,000,000+", support@alfred.camera, https://play.google.com/store/apps/details?id=com.ivuu
"Farm Bomb", "50,000+", gemscandycandy@gmail.com, https://play.google.com/store/apps/details?id=com.tokyocoldstudio.fruitGardenTown
"Zigbang", "10,000,000+", cs@zigbang.com, https://play.google.com/store/apps/details?id=com.chbreeze.jikbang4a
"LIFULL HOME'S", "1,000,000+", android-dev@LIFULL.com, https://play.google.com/store/apps/details?id=jp.co.homes.android3
"Waze - GPS, Maps, Traffic Alerts & Live Navigation", "100,000,000+", support@waze.com, https://play.google.com/store/apps/details?id=com.waze
"Realtor.com Real Estate: Homes for Sale and Rent", "10,000,000+", androidsupport@realtor.com, https://play.google.com/store/apps/details?id=com.move.realtor
"Forest Navigator Lite:  routs for off-road hiking", "50,000+", app.hobbysoft@gmail.com, https://play.google.com/store/apps/details?id=su.hobbysoft.forestplaces.free
"Grab Driver", "10,000,000+", support@grab.com, https://play.google.com/store/apps/details?id=com.grabtaxi.driver2
"ì›ë‚´ë¹„", "1,000,000+", kth1475@lguplus.co.kr, https://play.google.com/store/apps/details?id=com.lguplus.navi
"Ù†Ø´Ø§Ù† - Ù†Ù‚Ø´Ù‡ Ùˆ Ù…Ø³ÛŒØ±ÛŒØ§Ø¨ Ø³Ø®Ù†â€ŒÚ¯ÙˆÛŒ ÙØ§Ø±Ø³ÛŒØŒ ØªØ±Ø§ÙÛŒÚ© Ø²Ù†Ø¯Ù‡â€", "1,000,000+", support@neshan.org, https://play.google.com/store/apps/details?id=org.rajman.neshan.traffic.tehran.navigator
"Ø¨Ù„Ø¯ â€“ Ù†Ù‚Ø´Ù‡ Ùˆ Ù…Ø³ÛŒØ±ÛŒØ§Ø¨ ÙØ§Ø±Ø³ÛŒâ€", "1,000,000+", support@balad.ir, https://play.google.com/store/apps/details?id=ir.balad
"GPS, Maps, Navigate, Traffic & Area Calculating", "1,000,000+", phonexlaucher@gmail.com, https://play.google.com/store/apps/details?id=com.eztech.gps.maps
"ì›ë‚´ë¹„", "1,000,000+", onenavi@kt.com, https://play.google.com/store/apps/details?id=kt.navi
"GPS Navigation & Direction - Find Route, Map Guide", "500,000+", entertaininglogixapps@gmail.com, https://play.google.com/store/apps/details?id=com.entertaininglogixapps.gps.navigation.direction.find.route.map.guide
"ØªØ§Ù¾ TOPâ€", "1,000,000+", top@pec.ir, https://play.google.com/store/apps/details?id=ir.tgbs.peccharge
"GPS, Maps, Voice Navigation & Directions", "1,000,000+", interactiveappstudios@gmail.com, https://play.google.com/store/apps/details?id=com.maps.voice.navigation.traffic.gps.location.route.driving.directions
"Romantic Quotes", "500,000+", lovelyappsforu@gmail.com, https://play.google.com/store/apps/details?id=love.quotes.happy.rquotesluv
"T world", "50,000,000+", seohyuk@sk.com, https://play.google.com/store/apps/details?id=Com.sktelecom.minit
"MyMCI", "1,000,000+", hamisystemsharif@gmail.com, https://play.google.com/store/apps/details?id=ir.mci.ecareapp
"pattern lock screen", "1,000,000+", klsoft92@gmail.com, https://play.google.com/store/apps/details?id=com.lockscreen302.pattern
"ÙƒÙ„Ù…Ø§Øª ØªÙ‡Ø² Ø§Ù„Ø­Ø¨ÙŠØ¨â€", "100,000+", appyour66@gmail.com, https://play.google.com/store/apps/details?id=com.romanssiyat.wath_sapp.tahozohabib
"Meow Blast", "100,000+", shopguidegame@gmail.com, https://play.google.com/store/apps/details?id=usboble.gemsblast.meowcube
"Spider Stickman Rope Hero Gangstar Crime", "10,000,000+", quynhbt48@gmail.com, https://play.google.com/store/apps/details?id=spider.stickman.gta.gtastickman.city.crime
"News24: Breaking News. First.", "1,000,000+", android@sa.24.com, https://play.google.com/store/apps/details?id=com.news24.ui.core
"Talking Babsy Baby", "10,000,000+", baumandroid@googlemail.com, https://play.google.com/store/apps/details?id=com.kauf.talking.baum.TalkingBabsyBaby
"WowBox", "10,000,000+", wowbox@telenordigital.com, https://play.google.com/store/apps/details?id=com.telenor.ads
"BÃO Má»šI - Äá»c BÃ¡o, Tin Tá»©c 24h", "10,000,000+", apps.baomoi@epi.com.vn, https://play.google.com/store/apps/details?id=com.epi
"detikcom - Berita Terbaru & Terlengkap", "10,000,000+", appsupport@detik.com, https://play.google.com/store/apps/details?id=org.detikcom.rss
"BaBe+ - Berita Indonesia", "5,000,000+", contact@babe.co.id, https://play.google.com/store/apps/details?id=com.ss.android.article.master.id
"Tin moi 24h - Doc bao, tin tuc", "1,000,000+", nghia.ctv@gmail.com, https://play.google.com/store/apps/details?id=mobi.fiveplay.tinmoi24h
"SmartNews: Breaking News Headlines", "10,000,000+", support@smartnews.com, https://play.google.com/store/apps/details?id=jp.gocro.smartnews.android
"Dailyhunt (Newshunt)- Cricket, News,Videos", "100,000,000+", YourFriends@dailyhunt.in, https://play.google.com/store/apps/details?id=com.eterno
"Fox News â€“ Breaking News, Live Video & News Alerts", "10,000,000+", contactus@foxnews.com, https://play.google.com/store/apps/details?id=com.foxnews.android
"AzamTV", "1,000,000+", appsupport@azam-paytv.com, https://play.google.com/store/apps/details?id=com.azamtv.news
"é¦™æ¸¯01 - æ–°èè³‡è¨ŠåŠç”Ÿæ´»æœå‹™", "500,000+", app_support@hk01.com, https://play.google.com/store/apps/details?id=com.hk01.news_app
"Music player", "1,000,000+", recorder.appteam@gmail.com, https://play.google.com/store/apps/details?id=com.recorder.music.mp3.musicplayer
"Free Music Download - Mp3 Music Downloader", "500,000+", support@freemp3.cloud, https://play.google.com/store/apps/details?id=com.musicworld.app.musicdownloader
"Google Play Music", "1,000,000,000+", apps-help@google.com, https://play.google.com/store/apps/details?id=com.google.android.music
"DESCARGAR MÃšSICA GRATIS ğŸ”¥ AUDIO ZAFICEYğŸ”¥", "1,000,000+", zaficey@gmail.com, https://play.google.com/store/apps/details?id=com.yOljfj65rfd.Uzyhglk1z
"Samsung Music", "500,000,000+", noreply.sec@samsung.com, https://play.google.com/store/apps/details?id=com.sec.android.app.music
"Free Music Player, Music Downloader, Offline MP3", "50,000,000+", at.music.player@gmail.com, https://play.google.com/store/apps/details?id=com.atpc
"Music Downloader", "500,000+", btxdevs@gmail.com, https://play.google.com/store/apps/details?id=com.btxdev.musicdownloader
"Music Player - Bass Booster - Free Download", "5,000,000+", smartchen2015@gmail.com, https://play.google.com/store/apps/details?id=audio.mp3.free.music.player
"Doctor Anywhere", "50,000+", askus@doctoranywhere.com, https://play.google.com/store/apps/details?id=com.doctoranywhere
"Gaana Music- Hindi English Telugu MP3 Songs Online", "100,000,000+", feedback@gaana.com, https://play.google.com/store/apps/details?id=com.gaana
"MaNaDr for Patient", "10,000+", support@manadr.com, https://play.google.com/store/apps/details?id=com.mhealth.manadr
"FHN3", "50,000+", it.admin@fullertonhealthcare.com, https://play.google.com/store/apps/details?id=com.fhn3.android
"AIA Healthcare", "10,000+", SG.HealthApp@aia.com, https://play.google.com/store/apps/details?id=sg.aia.qualityhealthcare
"IHP App", "10,000+", enquiry@ihp.com.sg, https://play.google.com/store/apps/details?id=com.ihpapp.app
"AIA Employee Care", "10,000+", sg.eb.customer@aia.com, https://play.google.com/store/apps/details?id=com.aia.sg.employeecare
"mySugr - Diabetes App & Blood Sugar Tracker", "1,000,000+", support@mysugr.com, https://play.google.com/store/apps/details?id=com.mysugr.android.companion
"Great Benefits", "10,000+", corporate.alliancehealthcare@gmail.com, https://play.google.com/store/apps/details?id=com.skubbs.ge
"TigerConnect - Clinical Solutions", "500,000+", prosupport@tigerconnect.com, https://play.google.com/store/apps/details?id=com.tigertext
"Howden MediHub", "1,000+", howden.medihub@ihp.com.sg, https://play.google.com/store/apps/details?id=com.skubbs.medihub
"Sanford Guide:Antimicrobial Rx", "100,000+", techsupport@sanfordguide.com, https://play.google.com/store/apps/details?id=com.sanfordguide.amt
"Whitebook-prescriÃ§Ã£o e bulÃ¡rio", "100,000+", suporte@pebmed.com.br, https://play.google.com/store/apps/details?id=com.medprescricao
"Monash Uni Low FODMAP Diet", "100,000+", fodmap.feedback@monash.edu, https://play.google.com/store/apps/details?id=com.monashuniversity.fodmap
"Epocrates", "1,000,000+", support@epocrates.com, https://play.google.com/store/apps/details?id=com.epocrates
"Anatomy 3D Atlas", "500,000+", info@3datlasofanatomy.com, https://play.google.com/store/apps/details?id=com.catfishanimationstudio.MuscularSystemLite
"Davis's Drug Guide for Nurses", "50,000+", support@atmoapps.com, https://play.google.com/store/apps/details?id=com.usbmis.reader.dadg
"Human Anatomy Atlas 2019:Â Complete 3D Human Body", "100,000+", support@visiblebody.com, https://play.google.com/store/apps/details?id=com.visiblebody.atlas
"VIDAL Mobile", "500,000+", vidalmobile@vidal.fr, https://play.google.com/store/apps/details?id=com.mobicrea.vidal
"Squeezy: NHS Pelvic Floor App", "10,000+", help@squeezyapp.com, https://play.google.com/store/apps/details?id=com.propagator.squeezy
"EMT Pocket Prep", "50,000+", axddls6k@inbound.intercom-mail.com, https://play.google.com/store/apps/details?id=com.pocketprep.emt
"Muscle Trigger Point Anatomy", "50,000+", email@realbodywork.com, https://play.google.com/store/apps/details?id=com.real.bodywork.muscle.trigger.points
"Essential Anatomy 3", "50,000+", EA34Android@3d4medical.com, https://play.google.com/store/apps/details?id=com.the3d4medical.EssentialAnatomy
"Pedi STAT", "10,000+", contact@qxmd.com, https://play.google.com/store/apps/details?id=com.qxmd.pedistat
"Ğ¤ĞµĞ»ÑŒĞ´ÑˆĞµÑ€ Ğ¡ĞœĞŸ", "5,000+", admin@emhelp.ru, https://play.google.com/store/apps/details?id=com.igenapps.FeldsherSMP
"VeinSeek", "5,000+", veinseek@gmail.com, https://play.google.com/store/apps/details?id=com.vs.veinseek
"ASCCP Mobile", "10,000+", info@asccp.org, https://play.google.com/store/apps/details?id=org.asccp.mobile
"3D Motion Human Anatomy - teamLabBody", "1,000+", teamlabbody@team-lab.com, https://play.google.com/store/apps/details?id=com.teamlabbody
"Toy Time", "5,000+", octopus213fish@gmail.com, https://play.google.com/store/apps/details?id=com.stGalileo.funnyTosycrush
"Animals Sounds (3D)", "100,000+", asder31@hotmail.com, https://play.google.com/store/apps/details?id=net.balinsweb.asd.animalssounds
"Panda Bubbles Hunter", "1,000,000+", freedomgxmason@gmail.com, https://play.google.com/store/apps/details?id=com.obikecoco.bubbleshootergame.pandaFirefox
"Zoo For Preschool Kids 3-9 Years", "500,000+", asder31@hotmail.com, https://play.google.com/store/apps/details?id=net.balinsweb.asd.ourzoob
"Little Piano", "1,000,000+", lemon.gstudio@gmail.com, https://play.google.com/store/apps/details?id=com.lemon.baby.piano.kids
"Panda Bubble Rescue Garden", "50,000+", liux163868@gmail.com, https://play.google.com/store/apps/details?id=f2game.bubbleshooter.pandapop
"Pink Unicorn Fashion - Magic dress up", "100,000+", tuanhgames89@gmail.com, https://play.google.com/store/apps/details?id=pink.unicorn.little.kawaii.dreshup.girls.baby.pet
"Paint and Learn Animals", "100,000+", sunnykidgames@gmail.com, https://play.google.com/store/apps/details?id=com.sunny.paint.learn.animals
"è½æ•…äº‹~æœ‰è²ç«¥è©±æ•…äº‹é¤¨", "100,000+", tiallian0806@gmail.com, https://play.google.com/store/apps/details?id=com.tiao.tbabylistenstory
"ice princess Jewels Classic", "100,000+", freedomgxmason@gmail.com, https://play.google.com/store/apps/details?id=com.obikecoco.frozenJewelCrush.JewelIceLegend
"Smart Launcher(Best free launcher,no ads)", "100,000+", juan.zhu.hz@tcl.com, https://play.google.com/store/apps/details?id=com.tcl.android.launcher
"Easy Cleaner - Battery saver & optimizer", "1,000,000+", vahhaalysa15@gmail.com, https://play.google.com/store/apps/details?id=com.furiouscleaner.batterysaver
"Wiko Launcher", "5,000,000+", wikoapps_support@wikomobile.com, https://play.google.com/store/apps/details?id=com.wiko.launcher
"Loud Ringtones", "100,000+", bestmusicstudiotw@gmail.com, https://play.google.com/store/apps/details?id=com.mygoodtonesinc.loudrts
"Pink Roses Keyboard Theme", "500,000+", trendyteme.888@gmail.com, https://play.google.com/store/apps/details?id=com.ikeyboard.theme.pink.roses
"Color Call - Color Phone Flash & Call Screen Theme", "5,000,000+", phonexlaucher@gmail.com, https://play.google.com/store/apps/details?id=com.eztech.color.phone
"Apex Launcher Classic", "500,000+", support@apexlauncher.com, https://play.google.com/store/apps/details?id=com.anddoes.gingerapex
"Color Call - Caller Screen, LED Flash", "10,000,000+", developer.oneappteam@outlook.com, https://play.google.com/store/apps/details?id=com.app.phone.call.flash.screen
"Animals: Ringtones", "5,000,000+", android.dream.studio@gmail.com, https://play.google.com/store/apps/details?id=com.dream_studio.animalringtones
"Love Messages For her", "100,000+", lovelyappsforu@gmail.com, https://play.google.com/store/apps/details?id=lovequotes007.love.justforu.Loveherlovely
"Multi Apps â€“ Multiple Accounts simultaneously", "1,000,000+", williamlin868@gmail.com, https://play.google.com/store/apps/details?id=multiple.clone.apps.accounts.lnstagram.whatsall
"File Manager", "10,000,000+", app.support@alphainventor.com, https://play.google.com/store/apps/details?id=com.alphainventor.filemanager
"Chrome Beta", "10,000,000+", apps-help@google.com, https://play.google.com/store/apps/details?id=com.chrome.beta
"ASUS Calling Screen", "50,000,000+", zenui@asus.com, https://play.google.com/store/apps/details?id=com.asus.asusincallui
"Adobe Acrobat Reader: PDF Viewer, Editor & Creator", "100,000,000+", adobereader-android@adobe.com, https://play.google.com/store/apps/details?id=com.adobe.reader
"HTC File Manager", "10,000,000+", gp_filemanager@htc.com, https://play.google.com/store/apps/details?id=com.htc.filemanager
"Calculator - unit converter", "50,000,000+", zenui@asus.com, https://play.google.com/store/apps/details?id=com.asus.calculator
"Free WiFi Passwords and Hotspots by Instabridge", "10,000,000+", support@degoo.com, https://play.google.com/store/apps/details?id=com.instabridge.android
"kika keyboard for Vivo", "10,000,000+", quanyue.liu@kikatech.com, https://play.google.com/store/apps/details?id=com.kikaoem.vivo.qisiemoji.inputmethod
"Samsung Keyboard", "500,000,000+", noreply.sec@samsung.com, https://play.google.com/store/apps/details?id=com.sec.android.inputmethod
"Bukalapak - Jual Beli Online", "10,000,000+", apps@bukalapak.com, https://play.google.com/store/apps/details?id=com.bukalapak.android
"Amazon for Tablets", "10,000,000+", feedback-amazon-app-android-tablet@amazon.com, https://play.google.com/store/apps/details?id=com.amazon.windowshop
"Lazada & RedMart - Online Shopping & Groceries", "100,000,000+", help@lazada.com, https://play.google.com/store/apps/details?id=com.lazada.android
"JD.ID Your Online Shopping Mall", "5,000,000+", cs@jd.id, https://play.google.com/store/apps/details?id=jd.cdyjy.overseas.market.indonesia
"Flipkart Online Shopping App", "100,000,000+", app-feedback@flipkart.com, https://play.google.com/store/apps/details?id=com.flipkart.android
"Honor Store", "10,000,000+", store-app-feedback@hihonor.com, https://play.google.com/store/apps/details?id=com.honor.global
"Wish - Shopping Made Fun", "100,000,000+", support@wish.com, https://play.google.com/store/apps/details?id=com.contextlogic.wish
"Amazon Shopping", "100,000,000+", feedback-amazon-app-android@amazon.com, https://play.google.com/store/apps/details?id=com.amazon.mShop.android.shopping
"Daraz Online Shopping App", "10,000,000+", support.app@daraz.com, https://play.google.com/store/apps/details?id=com.daraz.android
"eBay Online Shopping - Buy and Sell This Summer", "100,000,000+", androidhelp@ebay.com, https://play.google.com/store/apps/details?id=com.ebay.mobile
"Photo Gallery HD & Editor", "1,000,000+", smartchen2015@gmail.com, https://play.google.com/store/apps/details?id=image.photoedit.photogallery
"Photo Editor Pro", "10,000,000+", cameras.ideas@gmail.com, https://play.google.com/store/apps/details?id=photo.editor.photoeditor.photoeditorpro
"Google Photos", "1,000,000,000+", apps-help@google.com, https://play.google.com/store/apps/details?id=com.google.android.apps.photos
"Moto Camera 2", "10,000,000+", playstor@motorola.com, https://play.google.com/store/apps/details?id=com.motorola.camera2
"One S10 Camera - Galaxy S10 camera style", "1,000,000+", modelzapp2019@gmail.com, https://play.google.com/store/apps/details?id=com.camera.one.s10.camera
"Camera tuner for Moto E5 Play", "5,000,000+", playstor@motorola.com, https://play.google.com/store/apps/details?id=com.motorola.imagertuning_james
"Motorola Camera", "100,000,000+", playstor@motorola.com, https://play.google.com/store/apps/details?id=com.motorola.camera
"Camera360 Lite - Selfie Camera", "10,000,000+", lite@camera360.com, https://play.google.com/store/apps/details?id=camera360.lite.beauty.selfie.camera
"FaceApp", "100,000,000+", support.android@faceapp.com, https://play.google.com/store/apps/details?id=io.faceapp
"BeautyPlus - Easy Photo Editor & Selfie Camera", "100,000,000+", beautyplus@us.meitu.com, https://play.google.com/store/apps/details?id=com.commsource.beautyplus
"çƒæ¢ä½“è‚²-å³æ—¶è¶³çƒæ¯”åˆ†ç›´æ’­", "100,000+", scoreexplore@gmail.com, https://play.google.com/store/apps/details?id=com.bet007.mobile.score.d
"Gtv Live Sports", "1,000,000+", alexastars88@gmail.com, https://play.google.com/store/apps/details?id=com.gtvlivesportsbd.gtvlive
"U+í”„ë¡œì•¼êµ¬", "1,000,000+", uplusbaseball@gmail.com, https://play.google.com/store/apps/details?id=com.uplus.baseballhdtv
"Cricbuzz - Live Cricket Scores & News", "100,000,000+", android@cricbuzz.com, https://play.google.com/store/apps/details?id=com.cricbuzz.android
"AFL Live Official App", "1,000,000+", afl.live@team.telstra.com, https://play.google.com/store/apps/details?id=com.telstra.android.afl
"ScoreCenter Live : All sports", "5,000,000+", scorecenter@tionnet.com, https://play.google.com/store/apps/details?id=com.wisetoto
"Cricbuzz - In Indian Languages", "10,000,000+", android.vernacular@cricbuzz.com, https://play.google.com/store/apps/details?id=com.cricbuzz.android.vernacular
"FotMob - Live Soccer Scores", "10,000,000+", support@fotmob.com, https://play.google.com/store/apps/details?id=com.mobilefootie.wc2010
"All Football - Latest News & Live Scores", "10,000,000+", allfootballapp@gmail.com, https://play.google.com/store/apps/details?id=com.allfootball.news
"Championat", "1,000,000+", support@championat.com, https://play.google.com/store/apps/details?id=ru.ideast.championat
"Good Morning Images", "1,000,000+", omprakashcic@gmail.com, https://play.google.com/store/apps/details?id=com.goodmorning007
"Messenger for Messages, Text and Video Chat", "10,000,000+", help@appyhigh.com, https://play.google.com/store/apps/details?id=messenger.chat.social.messenger
"All Social Networks", "500,000+", optionstudioo@gmail.com, https://play.google.com/store/apps/details?id=com.all.newsocial.network
"The Video Messenger App : Video Messages, Chats", "1,000,000+", messenger.messenger.messanger@gmail.com, https://play.google.com/store/apps/details?id=messenger.messenger.videocall.messenger
"All social media and social network in one app.", "1,000,000+", mohammedalaazakiit@gmail.com, https://play.google.com/store/apps/details?id=com.web_view_mohammed.ad.webview_app
"Samsung Calculator", "500,000,000+", noreply.sec@samsung.com, https://play.google.com/store/apps/details?id=com.sec.android.app.popupcalculator
"VMate Status - Video Status & Status Downloader", "10,000,000+", service@vmate.com, https://play.google.com/store/apps/details?id=com.uc.vmlite
"Web Browser & Fast Explorer", "5,000,000+", smartchen2015@gmail.com, https://play.google.com/store/apps/details?id=fast.explorer.web.browser
"Google", "5,000,000,000+", apps-help@google.com, https://play.google.com/store/apps/details?id=com.google.android.googlequicksearchbox
"Moto File Manager", "10,000,000+", playstor@motorola.com, https://play.google.com/store/apps/details?id=com.lenovo.FileBrowser2
"Wang VPN â¤ï¸- Free Fast Stable Best VPN Just try it", "500,000+", wangvpn666@gmail.com, https://play.google.com/store/apps/details?id=com.findtheway
"Google Translate", "500,000,000+", translate-android-support@google.com, https://play.google.com/store/apps/details?id=com.google.android.apps.translate
"Camera", "10,000,000+", support.app@hmdglobal.com, https://play.google.com/store/apps/details?id=com.hmdglobal.camera2
"Google Handwriting Input", "10,000,000+", apps-help@google.com, https://play.google.com/store/apps/details?id=com.google.android.apps.handwriting.ime
"Moto Display", "100,000,000+", playstor@motorola.com, https://play.google.com/store/apps/details?id=com.motorola.motodisplay
"KakaoMap - Map / Navigation", "10,000,000+", maps@kakaocorp.com, https://play.google.com/store/apps/details?id=net.daum.android.map
"App vault", "100,000,000+", global-miui-devadmin@xiaomi.com, https://play.google.com/store/apps/details?id=com.mi.android.globalpersonalassistant
"Maps - Navigate & Explore", "5,000,000,000+", apps-help@google.com, https://play.google.com/store/apps/details?id=com.google.android.apps.maps
"Google Maps Go - Directions, Traffic & Transit", "100,000,000+", apps-help@google.com, https://play.google.com/store/apps/details?id=com.google.android.apps.mapslite
"IRCTC Train PNR Status, NTES Rail Running Status", "50,000,000+", trains@ixigo.com, https://play.google.com/store/apps/details?id=com.ixigo.train.ixitrain
"Where Am I?", "1,000,000+", smartmobsolutions@gmail.com, https://play.google.com/store/apps/details?id=com.smartmobsolutions.android.whereami
"IRCTC PNR Status, Live Train Status, Rail Tickets", "10,000,000+", feedback@railyatri.in, https://play.google.com/store/apps/details?id=com.railyatri.in.mobile
"Gojek - Ojek Taxi Booking, Delivery and Payment", "50,000,000+", info@go-jek.com, https://play.google.com/store/apps/details?id=com.gojek.app
"CitybusNWFB", "1,000,000+", webmaster@citybus.com.hk, https://play.google.com/store/apps/details?id=com.nwfb
"Traveloka Book Flight & Hotel", "10,000,000+", cs@traveloka.com, https://play.google.com/store/apps/details?id=com.traveloka.android
"Pak Rail Live - Tracking app of Pakistan Railways", "500,000+", pakraillive@gmail.com, https://play.google.com/store/apps/details?id=com.pakraillive.PakRailLive
"Video Player", "1,000,000+", rotterdam.mobile.tech@gmail.com, https://play.google.com/store/apps/details?id=hd.video.player
"Video Player All Format - Full HD Video Player", "5,000,000+", roxplayer2015@gmail.com, https://play.google.com/store/apps/details?id=com.rocks.music.videoplayer
"Play Tube & Video Tube", "100,000+", thebestapp.mtainc@gmail.com, https://play.google.com/store/apps/details?id=com.tube.video.playtube
"Video Downloader", "50,000,000+", cameras.ideas@gmail.com, https://play.google.com/store/apps/details?id=video.downloader.videodownloader
"Lite Video Tube & Play Tube Music", "500,000+", tubemusic_go@aliyun.com, https://play.google.com/store/apps/details?id=com.mytube.videoplayer.hdtubeplayer
"HD Video Downloader App - 2019", "10,000,000+", northpark.android@gmail.com, https://play.google.com/store/apps/details?id=hd.video.downloader.app.hdvideodownloaderapp
"Video Player All Format - XPlayer", "10,000,000+", cameras.ideas@gmail.com, https://play.google.com/store/apps/details?id=video.player.videoplayer
"Video Downloader - Free Video Downloader app", "5,000,000+", zootroxk@gmail.com, https://play.google.com/store/apps/details?id=com.downloader.videodownloader.hdvideo.anyvideodownloader
"All downloader 2019", "100,000,000+", cameras.ideas@gmail.com, https://play.google.com/store/apps/details?id=all.video.downloader.allvideodownloader
"Local Weather Forecast", "1,000,000+", tools.mobnet@gmail.com, https://play.google.com/store/apps/details?id=tools.weather.forecast
"Weather forecast", "10,000,000+", appleinfo.studio@gmail.com, https://play.google.com/store/apps/details?id=com.chanel.weather.forecast.accu
"Weather today - Weather Forecast Apps 2019", "1,000,000+", Contact@grafibuy.com, https://play.google.com/store/apps/details?id=com.bisoft.live.weather
"æ°—è±¡åºãƒ¬ãƒ¼ãƒ€ãƒ¼ - JMA é›¨ æ°—è±¡ äºˆå ± æ°—è±¡åº", "100,000+", lcalcutt@gmail.com, https://play.google.com/store/apps/details?id=com.karrileaf.jprainradar
"è§€å¤©æ°£â„¢", "1,000,000+", getone.info@gmail.com, https://play.google.com/store/apps/details?id=com.getone.getweatherAPP
"Weather Forecast", "1,000,000+", panjiaqiong@gmail.com, https://play.google.com/store/apps/details?id=weather.forecast.barometer.storm.radar
"Info BMKG", "5,000,000+", apps@bmkg.go.id, https://play.google.com/store/apps/details?id=com.Info_BMKG
"Weather forecast", "10,000,000+", hykn.android@gmail.com, https://play.google.com/store/apps/details?id=com.graph.weather.forecast.channel
"MyObservatory (æˆ‘çš„å¤©æ–‡å°)", "1,000,000+", hkoappandroid@hko.gov.hk, https://play.google.com/store/apps/details?id=hko.MyObservatory_v1_0
"Telegram", "100,000,000+", support@telegram.org, https://play.google.com/store/apps/details?id=org.telegram.messenger
"Daily Live Weather Forecast App", "1,000,000+", support@amberweather.com, https://play.google.com/store/apps/details?id=mobi.infolife.ezweather.livewallpaper.forecast.weather.widget.location
"Google Pay: Pay with your phone and send cash", "100,000,000+", google-payments@google.com, https://play.google.com/store/apps/details?id=com.google.android.apps.walletnfcrel
"Google Fit: Health and Activity Tracking", "10,000,000+", apps-help@google.com, https://play.google.com/store/apps/details?id=com.google.android.apps.fitness
"Shazam", "100,000,000+", android@apple.com, https://play.google.com/store/apps/details?id=com.shazam.android
"Uber", "500,000,000+", support@uber.com, https://play.google.com/store/apps/details?id=com.ubercab
"Google Pinyin Input", "100,000,000+", apps-help@google.com, https://play.google.com/store/apps/details?id=com.google.android.inputmethod.pinyin
"YAZIO Calorie Counter, Nutrition Diary & Diet Plan", "10,000,000+", help@yazio.com, https://play.google.com/store/apps/details?id=com.yazio.android
"Strava: Track Running, Cycling & Swimming", "10,000,000+", support@strava.zendesk.com, https://play.google.com/store/apps/details?id=com.strava
"KKBOX-Free Download & Unlimited Music.Letâ€™s music!", "10,000,000+", service@kkbox.com, https://play.google.com/store/apps/details?id=com.skysoft.kkbox.android
"Fishbrain - local fishing map and forecast app", "5,000,000+", support@fishbrain.com, https://play.google.com/store/apps/details?id=com.fishbrain.app
"Lifesum - Diet Plan, Macro Calculator & Food Diary", "10,000,000+", support@lifesum.com, https://play.google.com/store/apps/details?id=com.sillens.shapeupclub
"Runtastic Running App: Run & Mileage Tracker", "50,000,000+", support.android@runtastic.com, https://play.google.com/store/apps/details?id=com.runtastic.android
"ViewRanger: Trail Maps for Hiking, Biking, Skiing", "1,000,000+", support@viewranger.com, https://play.google.com/store/apps/details?id=com.augmentra.viewranger.android
"Any.do: To do list, Calendar, Reminders & Planner", "10,000,000+", feedback+androidtodo@any.do, https://play.google.com/store/apps/details?id=com.anydo
"Threema", "1,000,000+", support@threema.ch, https://play.google.com/store/apps/details?id=ch.threema.app
"Runtastic Results Fitness & Home Workouts", "10,000,000+", support.android@runtastic.com, https://play.google.com/store/apps/details?id=com.runtastic.android.results.lite
"Easy Voice Recorder Pro", "100,000+", support@digipom.com, https://play.google.com/store/apps/details?id=com.digipom.easyvoicerecorder.pro
"Runtastic PRO Running, Fitness", "1,000,000+", support.android@runtastic.com, https://play.google.com/store/apps/details?id=com.runtastic.android.pro2
"Unified Remote Full", "500,000+", support@unifiedremote.com, https://play.google.com/store/apps/details?id=com.Relmtech.RemotePaid
"Watch Face - Pujie Black for Wear OS & Tizen", "100,000+", info@pujieblack.com, https://play.google.com/store/apps/details?id=com.pujie.wristwear.pujieblack
"Watch Face - Minimal & Elegant for Android Wear OS", "100,000+", academyextreme@gmail.com, https://play.google.com/store/apps/details?id=com.stmp.minimalface
"Password Manager SafeInCloud Pro", "100,000+", support@safe-in-cloud.com, https://play.google.com/store/apps/details?id=com.safeincloud
"File Manager Pro Android TV", "50,000+", support@dworks.io, https://play.google.com/store/apps/details?id=dev.dworks.apps.anexplorer.pro
"Printoid - Remote for OctoPrint [PREMIUM]", "5,000+", printoid.for.octoprint@gmail.com, https://play.google.com/store/apps/details?id=fr.yochi76.printoid.phones.premium
"âŒš Watch Face - Ksana Sweep for Android Wear OS", "50,000+", martin@appglobe.com, https://play.google.com/store/apps/details?id=com.appglobe.watch.face.ksana
"PUBG MOBILE", "100,000,000+", PUBGMOBILE_CS@tencentgames.com, https://play.google.com/store/apps/details?id=com.tencent.ig
"Temple Run 2", "500,000,000+", support-android@imangistudios.com, https://play.google.com/store/apps/details?id=com.imangi.templerun2
"Cover Fire: Shooting Games PRO", "10,000,000+", indiesupport@generagames.com, https://play.google.com/store/apps/details?id=com.generagames.resistance
"Gunship Strike 3D", "50,000,000+", contact@candy-mobile.com, https://play.google.com/store/apps/details?id=com.wordsmobile.gunship
"slither.io", "100,000,000+", team@slither.io, https://play.google.com/store/apps/details?id=air.com.hypah.io.slither
"Modern Strike Online: PRO FPS", "10,000,000+", modernstrikegame@gmail.com, https://play.google.com/store/apps/details?id=com.gamedevltd.modernstrike
"Gangstar Vegas: World of Crime", "50,000,000+", android.support@gameloft.com, https://play.google.com/store/apps/details?id=com.gameloft.android.ANMP.GloftGGHM
"MORTAL KOMBAT", "50,000,000+", support@wbgames.com, https://play.google.com/store/apps/details?id=com.wb.goog.mkx
"Super Mario Run", "100,000,000+", supermariorun-support@nintendo.co.jp, https://play.google.com/store/apps/details?id=com.nintendo.zara
"Granny", "100,000,000+", dvloper.apps@gmail.com, https://play.google.com/store/apps/details?id=com.dvloper.granny
"Jewels Legend - Match 3 Puzzle", "10,000,000+", jewellegend@linkdesks.com, https://play.google.com/store/apps/details?id=com.linkdesks.jewellegend
"Street Chaser", "10,000,000+", support@igoldtech.com, https://play.google.com/store/apps/details?id=com.igoldtech.streetchaser
"Hello Neighbor", "5,000,000+", support@tinybuild.com, https://play.google.com/store/apps/details?id=com.tinybuildgames.helloneighbor
"Jewels Star Atlantis Quest", "500,000+", wildfirelei@gmail.com, https://play.google.com/store/apps/details?id=wildfire.jewelstar.atlantisQuest
"Bubble Stack", "10,000+", support@ilyon.net, https://play.google.com/store/apps/details?id=stack.bubble
"Criminal Case", "100,000,000+", help@prettysimplegames.com, https://play.google.com/store/apps/details?id=com.prettysimple.criminalcaseandroid
"Steampunk Bubbles", "10,000+", support@ilyon.net, https://play.google.com/store/apps/details?id=bubble.steampunk
"Stormfall: Saga of Survival", "5,000,000+", survival.support@plarium.com, https://play.google.com/store/apps/details?id=com.pacific.wildlands
"Meena Game", "1,000,000+", hbandhaka@unicef.org, https://play.google.com/store/apps/details?id=org.unicef.meenagame
"Super Bino Go 2", "100,000+", imo@onesoft.com.vn, https://play.google.com/store/apps/details?id=com.superbinogo.jungleboyadventure2
"Crazy Marble", "1,000,000+", momgame@superapk.com, https://play.google.com/store/apps/details?id=com.momgame.marbleblast
"Swordigo", "10,000,000+", playsupport@touchfoo.com, https://play.google.com/store/apps/details?id=com.touchfoo.swordigo
"æš—æ£‹2", "1,000,000+", xidea.creator@gmail.com, https://play.google.com/store/apps/details?id=com.xidea.ChineseDarkChess2
"Chinese Chess: Co Tuong/ XiangQi, Online & Offline", "500,000+", hduofungames@outlook.com, https://play.google.com/store/apps/details?id=com.chinesechess.xiangqi.battle
"Dominoes", "10,000,000+", loopgamesinc@gmail.com, https://play.google.com/store/apps/details?id=com.LoopGames.Domino
"Solitaire", "1,000,000+", crosswords2018@gmail.com, https://play.google.com/store/apps/details?id=solitaire.card.games.klondike.solitaire.classic.free
"Checkers", "50,000,000+", help.checkers@mail.ru, https://play.google.com/store/apps/details?id=com.dimcoms.checkers
"æš—æ£‹å¤§æˆ°Online", "500,000+", support+darkanm@sohomob.com, https://play.google.com/store/apps/details?id=com.sohomob.battledarkchess
"Mahjong 2019", "500,000+", mahjong2019@gmail.com, https://play.google.com/store/apps/details?id=com.bit.mahjong2019
"Co Tuong Online, Co Up Online - Ziga", "500,000+", zigavn2018@gmail.com, https://play.google.com/store/apps/details?id=ziga.cotuong.coup
"Ludo All Star - Online Classic Board & Dice Game", "5,000,000+", support.ludo@yoozoo.com, https://play.google.com/store/apps/details?id=com.yoozoogames.ludogameallstar
"TongitsXtreme", "1,000,000+", cbballa@gmail.com, https://play.google.com/store/apps/details?id=com.bandoy.tongitsXtreme
"Free Solitaire", "1,000,000+", zarxinihorjok@gmail.com, https://play.google.com/store/apps/details?id=com.free.solitaire.games
"Hokm - Ø­Ú©Ù…â€", "100,000+", blueberry.rescuers@gmail.com, https://play.google.com/store/apps/details?id=com.blueberryrescuers.hokm
"Matatu", "50,000+", ben@kolastudios.com, https://play.google.com/store/apps/details?id=com.namot.matatu
"Chinese Mahjong", "500,000+", joygames888@gmail.com, https://play.google.com/store/apps/details?id=net.joygames.chinamj
"Gaple", "5,000,000+", paragisoft@gmail.com, https://play.google.com/store/apps/details?id=com.paragisoft.gaple
"Ù¾Ø§Ø³ÙˆØ± Ø­Ú©Ù…â€", "1,000,000+", Developer@8thbit.net, https://play.google.com/store/apps/details?id=ir.doorbash.hokm
"Spider Solitaire", "500,000+", avabytemedia@gmail.com, https://play.google.com/store/apps/details?id=com.avabyte.spidersolitaire
"Bubble Shooter Space", "10,000,000+", support@ilyon.net, https://play.google.com/store/apps/details?id=bubbleshooter.space
"Bubble shooter", "1,000,000+", game@tohsoft.com, https://play.google.com/store/apps/details?id=com.tohsoft.games.bubble.shooter
"Supreme Bubbles", "5,000,000+", support@ilyon.net, https://play.google.com/store/apps/details?id=bubbles.superme
"Match 3 Jewels", "1,000,000+", support@hectopixel.com, https://play.google.com/store/apps/details?id=com.hectopixel.match3
